{"cameraMode":{"drawMode":0,"name":"Shaded","section":"Shading Mode"},"sceneLighting":true,"audioPlay":false,"sceneViewState":{"showFog":true,"showMaterialUpdate":false,"showSkybox":true,"showFlares":true,"showImageEffects":true,"showParticleSystems":true},"in2DMode":false,"pivot":{"x":447.900390625,"y":218.94578552246095,"z":-128.03778076171876},"rotation":{"x":0.11542858183383942,"y":0.046167533844709399,"z":-0.005370372906327248,"w":0.9922277927398682},"size":215.06265258789063,"orthographic":false}