{"cameraMode":{"drawMode":0,"name":"Shaded","section":"Shading Mode"},"sceneLighting":true,"audioPlay":false,"sceneViewState":{"showFog":true,"showMaterialUpdate":false,"showSkybox":true,"showFlares":true,"showImageEffects":true,"showParticleSystems":true},"in2DMode":false,"pivot":{"x":96.03623962402344,"y":59.094322204589847,"z":5.477256774902344},"rotation":{"x":0.07915885001420975,"y":0.920728862285614,"z":-0.27757883071899416,"w":0.26256856322288515},"size":152.345703125,"orthographic":false}