{"cameraMode":{"drawMode":0,"name":"Shaded","section":"Shading Mode"},"sceneLighting":true,"audioPlay":false,"sceneViewState":{"showFog":true,"showMaterialUpdate":false,"showSkybox":true,"showFlares":true,"showImageEffects":true,"showParticleSystems":true},"in2DMode":false,"pivot":{"x":7.767868518829346,"y":4.541216850280762,"z":3.1363883018493654},"rotation":{"x":0.3876679241657257,"y":0.3378668427467346,"z":-0.1552867591381073,"w":0.843472421169281},"size":80.83834838867188,"orthographic":false}