{"cameraMode":{"drawMode":0,"name":"Shaded","section":"Shading Mode"},"sceneLighting":true,"audioPlay":false,"sceneViewState":{"showFog":true,"showMaterialUpdate":false,"showSkybox":true,"showFlares":true,"showImageEffects":true,"showParticleSystems":true},"in2DMode":false,"pivot":{"x":41.37864685058594,"y":-78.5806884765625,"z":17.10332489013672},"rotation":{"x":0.09026653319597244,"y":0.8889951705932617,"z":-0.4021463990211487,"w":0.1995440274477005},"size":158.69424438476563,"orthographic":false}