{"cameraMode":{"drawMode":0,"name":"Shaded","section":"Shading Mode"},"sceneLighting":true,"audioPlay":false,"sceneViewState":{"showFog":true,"showMaterialUpdate":false,"showSkybox":true,"showFlares":true,"showImageEffects":true,"showParticleSystems":true},"in2DMode":false,"pivot":{"x":67.43618774414063,"y":4.788974761962891,"z":46.31388473510742},"rotation":{"x":-0.07123074680566788,"y":0.9090555906295776,"z":-0.17417991161346436,"w":-0.37175998091697695},"size":94.14543914794922,"orthographic":false}