{"cameraMode":{"drawMode":0,"name":"Shaded","section":"Shading Mode"},"sceneLighting":true,"audioPlay":false,"sceneViewState":{"showFog":true,"showMaterialUpdate":false,"showSkybox":true,"showFlares":true,"showImageEffects":true,"showParticleSystems":true},"in2DMode":false,"pivot":{"x":189.89895629882813,"y":91.87044525146485,"z":-78.9134521484375},"rotation":{"x":0.29048898816108706,"y":0.08025287091732025,"z":-0.024456914514303209,"w":0.9531933665275574},"size":285.78668212890627,"orthographic":false}