{"cameraMode":{"drawMode":0,"name":"Shaded","section":"Shading Mode"},"sceneLighting":true,"audioPlay":false,"sceneViewState":{"showFog":true,"showMaterialUpdate":false,"showSkybox":true,"showFlares":true,"showImageEffects":true,"showParticleSystems":true},"in2DMode":false,"pivot":{"x":36.112667083740237,"y":-76.67568969726563,"z":12.493980407714844},"rotation":{"x":0.0760100781917572,"y":0.8984455466270447,"z":-0.39671990275382998,"w":0.17213764786720277},"size":158.69424438476563,"orthographic":false}