{"cameraMode":{"drawMode":0,"name":"Shaded","section":"Shading Mode"},"sceneLighting":false,"audioPlay":false,"sceneViewState":{"showFog":true,"showMaterialUpdate":false,"showSkybox":false,"showFlares":true,"showImageEffects":true,"showParticleSystems":true},"in2DMode":false,"pivot":{"x":3.799999713897705,"y":1.0,"z":4.399995803833008},"rotation":{"x":0.25510790944099429,"y":0.5802657604217529,"z":-0.19798851013183595,"w":0.7476712465286255},"size":2.8578836917877199,"orthographic":false}