{"cameraMode":{"drawMode":0,"name":"Shaded","section":"Shading Mode"},"sceneLighting":true,"audioPlay":false,"sceneViewState":{"showFog":true,"showMaterialUpdate":false,"showSkybox":true,"showFlares":true,"showImageEffects":true,"showParticleSystems":true},"in2DMode":false,"pivot":{"x":9.327662467956543,"y":10.990531921386719,"z":0.4959683418273926},"rotation":{"x":0.03290748968720436,"y":0.6278380155563355,"z":-0.026583077386021615,"w":0.7771936058998108},"size":15.395161628723145,"orthographic":false}